{
  "printWidth": 100,
  "tabWidth": 2,
  "useTabs": false,
  "semi": true,
  "singleQuote": true,
  "quoteProps": "as-needed",
  "trailingComma": "all",
  "bracketSpacing": true,
  "arrowParens": "always",
  "endOfLine": "lf",
  "htmlWhitespaceSensitivity": "ignore",
  "embeddedLanguageFormatting": "auto",
  "proseWrap": "preserve",
  "overrides": [
    {
      "files": ["*.component.html"],
      "options": {
        "printWidth": 120,
        "singleQuote": false
      }
    },
    {
      "files": ["*.scss", "*.css"],
      "options": {
        "singleQuote": false
      }
    }
  ]
}
