{
  "hash": "0d629a27",
  "configHash": "863d9958",
  "lockfileHash": "adad5145",
  "browserHash": "14c5b42c",
  "optimized": {
    "@angular/common": {
      "src": "../../../../../../node_modules/@angular/common/fesm2022/common.mjs",
      "file": "@angular_common.js",
      "fileHash": "0dc96dfe",
      "needsInterop": false
    },
    "@angular/common/http": {
      "src": "../../../../../../node_modules/@angular/common/fesm2022/http.mjs",
      "file": "@angular_common_http.js",
      "fileHash": "14cd69d8",
      "needsInterop": false
    },
    "@angular/core": {
      "src": "../../../../../../node_modules/@angular/core/fesm2022/core.mjs",
      "file": "@angular_core.js",
      "fileHash": "d0bf6694",
      "needsInterop": false
    },
    "@angular/forms": {
      "src": "../../../../../../node_modules/@angular/forms/fesm2022/forms.mjs",
      "file": "@angular_forms.js",
      "fileHash": "2d07f835",
      "needsInterop": false
    },
    "@angular/platform-browser": {
      "src": "../../../../../../node_modules/@angular/platform-browser/fesm2022/platform-browser.mjs",
      "file": "@angular_platform-browser.js",
      "fileHash": "33d14178",
      "needsInterop": false
    },
    "@angular/router": {
      "src": "../../../../../../node_modules/@angular/router/fesm2022/router.mjs",
      "file": "@angular_router.js",
      "fileHash": "dd3c7dee",
      "needsInterop": false
    }
  },
  "chunks": {
    "chunk-TVZPTR4S": {
      "file": "chunk-TVZPTR4S.js"
    },
    "chunk-QORXPEGD": {
      "file": "chunk-QORXPEGD.js"
    },
    "chunk-LJGW4UUE": {
      "file": "chunk-LJGW4UUE.js"
    },
    "chunk-VKUFYADX": {
      "file": "chunk-VKUFYADX.js"
    }
  }
}