{
  "hash": "101824ca",
  "configHash": "dbac1dd3",
  "lockfileHash": "aa1e5370",
  "browserHash": "25011d90",
  "optimized": {
    "@angular/common": {
      "src": "../../../../../../node_modules/@angular/common/fesm2022/common.mjs",
      "file": "@angular_common.js",
      "fileHash": "e5b761e8",
      "needsInterop": false
    },
    "@angular/common/http": {
      "src": "../../../../../../node_modules/@angular/common/fesm2022/http.mjs",
      "file": "@angular_common_http.js",
      "fileHash": "a70e9c01",
      "needsInterop": false
    },
    "@angular/core": {
      "src": "../../../../../../node_modules/@angular/core/fesm2022/core.mjs",
      "file": "@angular_core.js",
      "fileHash": "a3646a2e",
      "needsInterop": false
    },
    "@angular/forms": {
      "src": "../../../../../../node_modules/@angular/forms/fesm2022/forms.mjs",
      "file": "@angular_forms.js",
      "fileHash": "d7105f9d",
      "needsInterop": false
    },
    "@angular/platform-browser": {
      "src": "../../../../../../node_modules/@angular/platform-browser/fesm2022/platform-browser.mjs",
      "file": "@angular_platform-browser.js",
      "fileHash": "2f55ec03",
      "needsInterop": false
    },
    "@angular/router": {
      "src": "../../../../../../node_modules/@angular/router/fesm2022/router.mjs",
      "file": "@angular_router.js",
      "fileHash": "b0a3a833",
      "needsInterop": false
    }
  },
  "chunks": {
    "chunk-TVZPTR4S": {
      "file": "chunk-TVZPTR4S.js"
    },
    "chunk-QORXPEGD": {
      "file": "chunk-QORXPEGD.js"
    },
    "chunk-LJGW4UUE": {
      "file": "chunk-LJGW4UUE.js"
    },
    "chunk-VKUFYADX": {
      "file": "chunk-VKUFYADX.js"
    }
  }
}