{
  "hash": "560cbf1f",
  "configHash": "b80aaa91",
  "lockfileHash": "be418981",
  "browserHash": "d7885954",
  "optimized": {
    "@angular/common": {
      "src": "../../../../../../node_modules/@angular/common/fesm2022/common.mjs",
      "file": "@angular_common.js",
      "fileHash": "91b73be2",
      "needsInterop": false
    },
    "@angular/common/http": {
      "src": "../../../../../../node_modules/@angular/common/fesm2022/http.mjs",
      "file": "@angular_common_http.js",
      "fileHash": "494df46d",
      "needsInterop": false
    },
    "@angular/core": {
      "src": "../../../../../../node_modules/@angular/core/fesm2022/core.mjs",
      "file": "@angular_core.js",
      "fileHash": "fe142f64",
      "needsInterop": false
    },
    "@angular/forms": {
      "src": "../../../../../../node_modules/@angular/forms/fesm2022/forms.mjs",
      "file": "@angular_forms.js",
      "fileHash": "ea7044bf",
      "needsInterop": false
    },
    "@angular/platform-browser": {
      "src": "../../../../../../node_modules/@angular/platform-browser/fesm2022/platform-browser.mjs",
      "file": "@angular_platform-browser.js",
      "fileHash": "0ec79da6",
      "needsInterop": false
    },
    "@angular/router": {
      "src": "../../../../../../node_modules/@angular/router/fesm2022/router.mjs",
      "file": "@angular_router.js",
      "fileHash": "b2836018",
      "needsInterop": false
    },
    "angular-calendar": {
      "src": "../../../../../../node_modules/angular-calendar/fesm2020/angular-calendar.mjs",
      "file": "angular-calendar.js",
      "fileHash": "02cda52b",
      "needsInterop": false
    },
    "angular-calendar/date-adapters/date-fns": {
      "src": "../../../../../../node_modules/angular-calendar/date-adapters/esm/date-fns/index.js",
      "file": "angular-calendar_date-adapters_date-fns.js",
      "fileHash": "1a7b0528",
      "needsInterop": false
    }
  },
  "chunks": {
    "chunk-ISPSL4GV": {
      "file": "chunk-ISPSL4GV.js"
    },
    "chunk-TID3PUC7": {
      "file": "chunk-TID3PUC7.js"
    },
    "chunk-4LNLWYYT": {
      "file": "chunk-4LNLWYYT.js"
    },
    "chunk-KOZKAVEZ": {
      "file": "chunk-KOZKAVEZ.js"
    },
    "chunk-UXQ2CSKB": {
      "file": "chunk-UXQ2CSKB.js"
    }
  }
}