{
  "user": [
    {
      "id": "67dc",
      "name": "yash",
      "email": "yashkawtikwar1@gmail.com",
      "password": "123456",
      "category": "weightGain",
      "height": 1.5,
      "weight": 54
    },
    {
      "id": "1b1b",
      "name": "Tanvi",
      "email": "tanvi@gmail.com",
      "password": "123456",
      "category": "weightGain",
      "height": 1.4,
      "weight": 50
    },
    {
      "id": "d675",
      "name": "Vaidehi",
      "email": "vaidehi@gmail.com",
      "password": "123456",
      "category": "weightGain",
      "height": 1.6,
      "weight": 52
    },
    {
      "id": "634a",
      "name": "chittosh",
      "email": "chittosh@gmail.com",
      "password": "123456",
      "category": "weightLoss",
      "height": 1.76,
      "weight": 80
    }
  ],
  "trainer": [
    {
      "id": "5c42",
      "name": "Bhagat Singh",
      "email": "xyz@gmail.com",
      "password": "123456",
      "experience": 4,
      "certifications": 2,
      "specialization": "weightGain"
    },
    {
      "id": "e715",
      "name": "Mahatma Gandhi",
      "email": "gandhi@gmail.com",
      "password": "123456",
      "experience": 10,
      "certifications": 5,
      "specialization": "weightLoss"
    }
  ]
}