{
  "hash": "56490473",
  "configHash": "7abb91d1",
  "lockfileHash": "199fbfc4",
  "browserHash": "9e00f657",
  "optimized": {
    "@angular/common": {
      "src": "../../../../../../node_modules/@angular/common/fesm2022/common.mjs",
      "file": "@angular_common.js",
      "fileHash": "eca26512",
      "needsInterop": false
    },
    "@angular/common/http": {
      "src": "../../../../../../node_modules/@angular/common/fesm2022/http.mjs",
      "file": "@angular_common_http.js",
      "fileHash": "1acaa636",
      "needsInterop": false
    },
    "@angular/core": {
      "src": "../../../../../../node_modules/@angular/core/fesm2022/core.mjs",
      "file": "@angular_core.js",
      "fileHash": "758033eb",
      "needsInterop": false
    },
    "@angular/forms": {
      "src": "../../../../../../node_modules/@angular/forms/fesm2022/forms.mjs",
      "file": "@angular_forms.js",
      "fileHash": "dd01209e",
      "needsInterop": false
    },
    "@angular/platform-browser": {
      "src": "../../../../../../node_modules/@angular/platform-browser/fesm2022/platform-browser.mjs",
      "file": "@angular_platform-browser.js",
      "fileHash": "d1bccf2c",
      "needsInterop": false
    },
    "@angular/router": {
      "src": "../../../../../../node_modules/@angular/router/fesm2022/router.mjs",
      "file": "@angular_router.js",
      "fileHash": "d85a2c91",
      "needsInterop": false
    },
    "angular-calendar": {
      "src": "../../../../../../node_modules/angular-calendar/fesm2020/angular-calendar.mjs",
      "file": "angular-calendar.js",
      "fileHash": "650b6e22",
      "needsInterop": false
    },
    "angular-calendar/date-adapters/date-fns": {
      "src": "../../../../../../node_modules/angular-calendar/date-adapters/esm/date-fns/index.js",
      "file": "angular-calendar_date-adapters_date-fns.js",
      "fileHash": "cd9c5ae9",
      "needsInterop": false
    },
    "rxjs": {
      "src": "../../../../../../node_modules/rxjs/dist/esm5/index.js",
      "file": "rxjs.js",
      "fileHash": "f6a71c1e",
      "needsInterop": false
    }
  },
  "chunks": {
    "chunk-KJUBAJVF": {
      "file": "chunk-KJUBAJVF.js"
    },
    "chunk-7MYSG5V7": {
      "file": "chunk-7MYSG5V7.js"
    },
    "chunk-T7GX6ZJB": {
      "file": "chunk-T7GX6ZJB.js"
    },
    "chunk-VO4H6ZNK": {
      "file": "chunk-VO4H6ZNK.js"
    },
    "chunk-4J2EDNPA": {
      "file": "chunk-4J2EDNPA.js"
    },
    "chunk-UXQ2CSKB": {
      "file": "chunk-UXQ2CSKB.js"
    }
  }
}